sender_id,predicted_attack_type,attack_probability,consensus_risk,consensus_disagreement,risk_level,llm_provider,policy_action,policy_adaptation,recovery_recommendation,policy_explanation
veh_8192073,trafficCongestionSybil,0.9999957163899318,0.774474956866903,0.22567048778610274,high,ollama,llm_generated,llm_generated,llm_generated,"Here is the JSON-like response as an ARES-V2X adaptive policy agent:  ``` {   ""Action"": ""Take evasive action to avoid traffic congestion"",   ""WeightAdaptation"": {     ""attack_probability"": 0.9999957163899318,     ""consensus_risk"": 0.774474956866903,     ""consensus_disagreement"": 0.22567048778610274   },   ""ThresholdUpdate"": {     ""threshold"": 0.5,     ""reasoning"": ""High consensus risk and attack probability indicate a high likelihood of traffic congestion""   },   ""RecoveryPlan"": {     ""recovery_action"": ""Slow down to reduce speed"",     ""recovery_threshold"": 50   },   ""Rationale"": ""The predicted attack type is trafficCongestionSybil, indicating a high likelihood of traffic congestion. The consensus risk and disagreement are also high, further supporting this prediction."" } ```  This response includes the recommended action for the vehicle to take, as well as information about how the agent adapted its weights based on the incident data, the threshold that was updated, the recovery plan in place, and a brief rationale explaining why these decisions were made."
veh_4224921,trafficCongestionSybil,0.999996856068013,0.7111909706911308,0.3577224109945168,critical,ollama,llm_generated,llm_generated,llm_generated,"Here is the JSON-like response as an ARES-V2X adaptive policy agent:  ``` {     ""Action"": ""Take evasive action to avoid potential attack"",     ""WeightAdaptation"": {         ""attack_probability"": 0.999996856068013,         ""consensus_risk"": 0.7111909706911308,         ""consensus_disagreement"": 0.3577224109945168     },     ""ThresholdUpdate"": {         ""threshold_value"": 0.5,         ""reasoning"": ""Attack probability and consensus risk are above the threshold, indicating a potential attack.""     },     ""RecoveryPlan"": {         ""action"": ""Slow down to reduce speed and avoid potential attack"",         ""recovery_time"": 10     },     ""Rationale"": ""The predicted attack type is traffic congestion sybil with an attack probability of 0.999996856068013, indicating a high risk of potential attack. The consensus risk is also above the threshold, suggesting that other vehicles may be experiencing similar issues."" } ```  This response includes the recommended action to take evasive action and slow down to reduce speed. It also provides details on how the weight adaptation was calculated, including the attack probability, consensus risk, and consensus disagreement. Additionally, it includes a recovery plan with an estimated recovery time of 10 seconds. The rationale explains why this decision was made based on the incident data."
veh_6877853,trafficCongestionSybil,0.999992813769367,0.7054708382907817,0.2909637659199831,high,ollama,llm_generated,llm_generated,llm_generated,"Here is the JSON-like response as an ARES-V2X adaptive policy agent:  ``` {   ""Action"": ""Take evasive action to avoid congestion"",   ""WeightAdaptation"": {     ""attack_probability"": 0.999992813769367,     ""consensus_risk"": 0.7054708382907817   },   ""ThresholdUpdate"": {     ""threshold"": 0.5,     ""update_type"": ""increase""   },   ""RecoveryPlan"": {     ""recovery_action"": ""Slow down to reduce congestion"",     ""recovery_threshold"": 0.3   },   ""Rationale"": ""High risk of traffic congestion attack detected, taking evasive action to avoid potential harm."" } ```  Explanation:  * The `Action` field is set to ""Take evasive action to avoid congestion"" based on the predicted attack type and risk level. * The `WeightAdaptation` field provides the weights for updating the policy parameters. In this case, the attack probability and consensus risk are used to update the policy. * The `ThresholdUpdate` field indicates that the threshold should be increased by 50% due to the high risk of traffic congestion attack. * The `RecoveryPlan` field outlines the recovery action to take if the system is compromised. In this case, slowing down to reduce congestion is recommended. * The `Rationale` field provides a brief explanation for the decision made by the agent.  Note: The actual policy parameters and weights used in the ARES-V2X adaptive policy agent may vary depending on the specific implementation and configuration."
veh_6425893,trafficCongestionSybil,0.9999966268141599,0.7046697648818704,0.360079067563591,critical,ollama,llm_generated,llm_generated,llm_generated,"Here is the JSON-like response as an ARES-V2X adaptive policy agent:  ``` {     ""Action"": ""Take evasive action to avoid traffic congestion"",     ""WeightAdaptation"": {         ""attack_probability"": 0.9999966268141599,         ""consensus_risk"": 0.7046697648818704,         ""consensus_disagreement"": 0.360079067563591     },     ""ThresholdUpdate"": {         ""threshold"": 0.5,         ""reasoning"": ""Traffic congestion attack detected with high probability (>99.9956%) and consensus risk level (0.7046697648818704)""     },     ""RecoveryPlan"": {         ""action"": ""Slow down to reduce speed and avoid traffic congestion"",         ""duration"": 30     },     ""Rationale"": ""Traffic congestion attack detected with high probability (>99.9956%) and consensus risk level (0.7046697648818704). Taking evasive action to avoid traffic congestion is necessary to prevent potential harm."" } ```  In this response, the agent has determined that an adaptive policy should be taken due to a traffic congestion attack detected with high probability and consensus risk level above 0.5. The recovery plan involves slowing down to reduce speed and avoiding traffic congestion for a duration of 30 seconds."
veh_4701088,trafficCongestionSybil,0.9999968886260506,0.6959560711110109,0.3587010994619733,critical,ollama,llm_generated,llm_generated,llm_generated,"Here is the JSON-like response as an ARES-V2X adaptive policy agent:  ``` {   ""Action"": ""Take evasive action to avoid traffic congestion"",   ""WeightAdaptation"": {     ""attack_probability"": 0.9999968886260506,     ""consensus_risk"": 0.6959560711110109,     ""consensus_disagreement"": 0.3587010994619733   },   ""ThresholdUpdate"": {     ""threshold_value"": 0.5,     ""reasoning"": ""Attack probability and consensus risk exceed threshold""   },   ""RecoveryPlan"": {     ""recovery_action"": ""Slow down to reduce fuel consumption"",     ""recovery_threshold"": 0.3   },   ""Rationale"": ""The predicted attack type is traffic congestion sybil, with a high attack probability (99.99968886) and consensus risk (69.59561011). The consensus disagreement is moderate (35.87011096), indicating some uncertainty in the system. Based on these values, the threshold for taking evasive action has been exceeded."" } ```  This response includes:  - An ""Action"" field with a recommendation to take evasive action to avoid traffic congestion. - A ""WeightAdaptation"" field that provides the weights used to adapt the policy based on the attack probability and consensus risk values. - A ""ThresholdUpdate"" field that indicates when the threshold for taking evasive action was exceeded, along with the reasoning behind this decision. - A ""RecoveryPlan"" field that outlines a recovery plan in case of an incident, including a recommended action to slow down and reduce fuel consumption. - An ""Rationale"" field that provides a detailed explanation of why these decisions were made based on the provided incident data."
veh_6456559,trafficCongestionSybil,0.9999964217928445,0.687542414609591,0.3612511449329397,critical,ollama,llm_generated,llm_generated,llm_generated,"Here is the JSON-like response as an ARES-V2X adaptive policy agent:  ``` {     ""Action"": ""Take evasive action to avoid traffic congestion"",     ""WeightAdaptation"": {         ""attack_probability"": 0.9999964217928445,         ""consensus_risk"": 0.687542414609591,         ""consensus_disagreement"": 0.3612511449329397     },     ""ThresholdUpdate"": {         ""threshold"": 0.95, // adjusted threshold based on attack probability and consensus risk         ""reasoning"": ""Attack probability is high (>0.95) and consensus risk is moderate""     },     ""RecoveryPlan"": {         ""action"": ""Slow down to reduce speed"",         ""duration"": 30, // seconds         ""speed_limit"": 50 // km/h     },     ""Rationale"": ""Traffic congestion attack detected with high probability (>0.95) and moderate consensus risk. Taking evasive action to avoid traffic congestion is necessary to prevent potential harm."" } ```  Note that the `WeightAdaptation` field provides a detailed breakdown of how the agent adapted its weights based on the incident data, while the `ThresholdUpdate` field explains why the threshold was adjusted. The `RecoveryPlan` field outlines the recommended course of action to mitigate the incident, and the `Rationale` field provides a clear explanation for the decision made by the agent."
veh_4642976,trafficCongestionSybil,0.9999962665730744,0.6849319069991845,0.3646826936732315,critical,ollama,llm_generated,llm_generated,llm_generated,"Here is the JSON-like response as an ARES-V2X adaptive policy agent:  ``` {   ""Action"": ""Take evasive action to avoid traffic congestion"",   ""WeightAdaptation"": {     ""attack_probability"": 0.9999962665730744,     ""consensus_risk"": 0.6849319069991845,     ""consensus_disagreement"": 0.3646826936732315   },   ""ThresholdUpdate"": {     ""threshold"": 0.95, // updated threshold for traffic congestion detection     ""update_time"": ""2023-12-31T14:30:00"" // timestamp of last update   },   ""RecoveryPlan"": [     {       ""action"": ""Slow down to reduce speed"",       ""probability"": 0.8,       ""time_window"": [10, 60] // time window for recovery plan to be executed     },     {       ""action"": ""Change route to avoid congestion"",       ""probability"": 0.2,       ""time_window"": [30, 120]     }   ],   ""Rationale"": [     {       ""reason"": ""Traffic congestion detected with high probability (>95%)"",       ""supporting_data"": [""sensor_data"", ""map_data""]     },     {       ""reason"": ""Risk level is critical due to high attack probability and consensus risk"",       ""supporting_data"": [""attack_probability"", ""consensus_risk""]     }   ] } ```  This response includes the recommended action, weight adaptation for each parameter, threshold update information, recovery plan with possible actions and time windows, and rationale with supporting data."
veh_2193948,trafficCongestionSybil,0.9999961374343519,0.6838308975068843,0.3595256335674611,critical,ollama,llm_generated,llm_generated,llm_generated,"Here is the JSON-like output for the ARES-V2X adaptive policy agent:  ``` {     ""Action"": ""Take evasive action to avoid traffic congestion"",     ""WeightAdaptation"": {         ""attack_probability"": 0.9999961374343519,         ""consensus_risk"": 0.6838308975068843,         ""consensus_disagreement"": 0.3595256335674611     },     ""ThresholdUpdate"": {         ""threshold"": 0.95, // default threshold value         ""update_type"": ""decrease"" // update type based on attack probability and consensus risk     },     ""RecoveryPlan"": {         ""recovery_action"": ""Slow down to reduce fuel consumption"",         ""recovery_threshold"": 0.8 // recovery threshold value     },     ""Rationale"": ""High attack probability (99.9996%) and high consensus risk (68.383%) indicate a critical traffic congestion sybil attack. Taking evasive action is necessary to avoid potential harm."" } ```  Note: The `WeightAdaptation` field includes the attack probability, consensus risk, and consensus disagreement values from the incident report. The `ThresholdUpdate` field updates the threshold value based on the attack probability and consensus risk. The `RecoveryPlan` field provides a recovery action and threshold value to mitigate the impact of the attack. The `Rationale` field explains the reasoning behind the adaptive policy decision."
veh_6689391,trafficCongestionSybil,0.9999921455070052,0.6835384103028715,0.30998526626949563,high,ollama,llm_generated,llm_generated,llm_generated,"Here is the JSON-like response as an ARES-V2X adaptive policy agent:  ``` {   ""Action"": ""Take evasive action to avoid traffic congestion"",   ""WeightAdaptation"": {     ""attack_probability"": 0.9999921455070052,     ""consensus_risk"": 0.6835384103028715,     ""consensus_disagreement"": 0.30998526626949563   },   ""ThresholdUpdate"": {     ""threshold"": 0.95,     ""update_type"": ""increase""   },   ""RecoveryPlan"": [     {       ""action"": ""Slow down to reduce speed"",       ""probability"": 0.8     },     {       ""action"": ""Change lane to avoid congestion"",       ""probability"": 0.2     }   ],   ""Rationale"": ""High risk of traffic congestion attack detected. Taking evasive action to avoid potential harm."" } ```  In this response, the agent has determined that an adaptive policy is needed due to the high risk of a traffic congestion attack. The `WeightAdaptation` field provides the current weights for each parameter used in the decision-making process. The `ThresholdUpdate` field indicates that the threshold for triggering evasive action should be increased from its previous value.  The `RecoveryPlan` field outlines two possible recovery actions: slowing down to reduce speed and changing lanes to avoid congestion. These actions are weighted by their probabilities, with slowing down being more likely (80%) than changing lanes (20%).  Finally, the `Rationale` field provides a brief explanation for the agent's decision-making process, highlighting the high risk of traffic congestion attack detected."
veh_1928499,trafficCongestionSybil,0.9999963029544318,0.6833913775003045,0.36384322989481005,critical,ollama,llm_generated,llm_generated,llm_generated,"Here is the JSON-like response as an ARES-V2X adaptive policy agent:  ``` {     ""Action"": ""Take evasive action to avoid traffic congestion"",     ""WeightAdaptation"": {         ""attack_probability"": 0.9999963029544318,         ""consensus_risk"": 0.6833913775003045,         ""consensus_disagreement"": 0.36384322989481005     },     ""ThresholdUpdate"": {         ""threshold"": 0.95, // Adjusted threshold based on attack probability and consensus risk         ""reasoning"": ""Attack probability is high (>0.95) and consensus risk is moderate""     },     ""RecoveryPlan"": [         {             ""action"": ""Slow down to reduce speed"",             ""probability"": 0.8,             ""confidence"": 0.9         },         {             ""action"": ""Change lane to avoid congestion"",             ""probability"": 0.2,             ""confidence"": 0.7         }     ],     ""Rationale"": ""Traffic congestion is predicted, and the attack probability is high (>0.95). The consensus risk is moderate, indicating a potential for disagreement among other agents. To mitigate this, we will take evasive action to avoid traffic congestion."" } ```  In this response:  - `Action` indicates that the agent should take evasive action to avoid traffic congestion. - `WeightAdaptation` provides the weights used in the adaptation process, including attack probability and consensus risk. - `ThresholdUpdate` includes an adjusted threshold (0.95) based on the attack probability and consensus risk, along with a reasoning statement explaining why this threshold was chosen. - `RecoveryPlan` outlines possible recovery actions to be taken if the agent encounters traffic congestion, including slowing down or changing lanes. The probabilities and confidence levels associated with each action are also provided. - `Rationale` provides a clear explanation for the agent's decision-making process, highlighting the predicted attack type (traffic congestion), high attack probability (>0.95), moderate consensus risk, and potential disagreement among other agents."
veh_4537,randomPositionOffset,0.9999824631034316,0.6777096963798571,0.17515397581957845,high,ollama,llm_generated,llm_generated,llm_generated,"Here is the JSON-like response as an ARES-V2X adaptive policy agent:  ``` {     ""Action"": ""update_policy"",     ""WeightAdaptation"": {         ""consensus_risk"": 0.6777096963798571,         ""attack_probability"": 0.9999824631034316     },     ""ThresholdUpdate"": {         ""threshold_high"": 0.95,         ""threshold_low"": 0.05     },     ""RecoveryPlan"": {         ""veh_4537"": {             ""action"": ""steer_left"",             ""speed"": 50         }     },     ""Rationale"": ""High consensus risk and high attack probability indicate a potential threat. Adjusting policy to prioritize caution."" } ```  Explanation:  - The `Action` field indicates that the agent is updating its policy in response to the incident. - The `WeightAdaptation` field shows how the agent is adapting the weights of the different factors (consensus risk and attack probability) based on their current values. In this case, the consensus risk factor has a lower weight than the attack probability factor because it indicates a higher level of uncertainty. - The `ThresholdUpdate` field updates the thresholds for high and low risk levels. These thresholds are used to determine when an incident is considered severe enough to trigger an action. - The `RecoveryPlan` field specifies the actions that should be taken in response to the incident. In this case, the agent recommends steering left and reducing speed by 50 km/h for the vehicle with ID ""veh_4537"". - The `Rationale` field provides a brief explanation of why the agent is taking these actions. It highlights the high consensus risk and attack probability as indicators of potential threat."
veh_6055862,trafficCongestionSybil,0.9999902261316391,0.6772490697346031,0.30305525030990993,high,ollama,llm_generated,llm_generated,llm_generated,"Here is the JSON-like response as an ARES-V2X adaptive policy agent:  ``` {   ""Action"": ""Take evasive action to avoid traffic congestion"",   ""WeightAdaptation"": {     ""attack_probability"": 0.9999902261316391,     ""consensus_risk"": 0.6772490697346031   },   ""ThresholdUpdate"": {     ""threshold"": 0.8,     ""update_type"": ""increase""   },   ""RecoveryPlan"": {     ""recovery_action"": ""Slow down to reduce fuel consumption"",     ""recovery_threshold"": 0.6   },   ""Rationale"": ""High risk of traffic congestion attack detected, taking evasive action to avoid potential harm."" } ```  Explanation:  * The `Action` field is set to ""Take evasive action to avoid traffic congestion"" based on the predicted attack type and risk level. * The `WeightAdaptation` field provides the adaptation weights for the attack probability and consensus risk. These weights are used to adjust the policy's decision-making process over time. * The `ThresholdUpdate` field indicates that the threshold for triggering evasive action should be increased from its current value (not specified in this example) to 0.8, with an update type of ""increase"". This means that if the risk level exceeds 0.8, the agent will take evasive action. * The `RecoveryPlan` field outlines a recovery plan for when the threat has passed. In this case, the recovery action is to slow down and reduce fuel consumption. * The `Rationale` field provides a brief explanation of why the decision was made, highlighting the high risk of traffic congestion attack detected."
veh_8189913,trafficCongestionSybil,0.9999969081637443,0.6743898156510122,0.3779171985502619,critical,ollama,llm_generated,llm_generated,llm_generated,"Here is the JSON-like response as an ARES-V2X adaptive policy agent:  ``` {     ""Action"": ""Take evasive action to avoid traffic congestion"",     ""WeightAdaptation"": {         ""attack_probability"": 0.9999969081637443,         ""consensus_risk"": 0.6743898156510122,         ""consensus_disagreement"": 0.3779171985502619     },     ""ThresholdUpdate"": {         ""threshold"": 0.5,         ""reasoning"": ""Attack probability and consensus risk are above the threshold, indicating a critical traffic congestion attack.""     },     ""RecoveryPlan"": {         ""action"": ""Slow down to reduce speed and avoid congestion"",         ""duration"": 30     },     ""Rationale"": ""The predicted attack type is trafficCongestionSybil with an attack probability of 0.9999969081637443, indicating a high likelihood of traffic congestion. The consensus risk is 0.6743898156510122 and consensus disagreement is 0.3779171985502619, further supporting the critical nature of the incident."" } ```  This response includes:  - An action to take evasive action to avoid traffic congestion. - Weight adaptation values for attack probability, consensus risk, and consensus disagreement. - A threshold update with a value of 0.5 and a reasoning statement explaining why this threshold was chosen. - A recovery plan that involves slowing down to reduce speed and avoid congestion, with a duration of 30 seconds. - A rationale statement summarizing the incident and providing context for the adaptive policy decision."
veh_5576217,trafficCongestionSybil,0.999995761352082,0.673081916692118,0.360157097852034,critical,ollama,llm_generated,llm_generated,llm_generated,"Here is the JSON-like response as an ARES-V2X adaptive policy agent:  ``` {     ""Action"": ""Take evasive action to avoid traffic congestion"",     ""WeightAdaptation"": {         ""attack_probability"": 0.999995761352082,         ""consensus_risk"": 0.673081916692118,         ""consensus_disagreement"": 0.360157097852034     },     ""ThresholdUpdate"": {         ""threshold"": 0.95, // adjusted threshold based on attack probability and consensus risk         ""reasoning"": ""High attack probability and consensus risk indicate a critical traffic congestion scenario""     },     ""RecoveryPlan"": {         ""action"": ""Slow down to reduce speed"",         ""speed_limit"": 50,         ""duration"": 30 // seconds     },     ""Rationale"": ""Traffic congestion is predicted with high confidence (0.999995761352082), and the consensus risk level is critical (0.673081916692118). Taking evasive action to avoid traffic congestion is necessary to prevent potential harm."" } ```  In this response, I've provided a recommended action for the vehicle to take based on the incident report. The `WeightAdaptation` field provides the weights used in the decision-making process, and the `ThresholdUpdate` field indicates that the threshold was adjusted based on the attack probability and consensus risk levels. The `RecoveryPlan` field outlines the steps the vehicle should take to recover from the traffic congestion scenario, including slowing down to reduce speed. Finally, the `Rationale` field provides a brief explanation for the recommended action."
veh_4221365,trafficCongestionSybil,0.9999955301490969,0.6727769503298828,0.3582306970088631,critical,ollama,llm_generated,llm_generated,llm_generated,"Here is the JSON-like response as an ARES-V2X adaptive policy agent:  ``` {   ""Action"": ""Take evasive action to avoid potential attack"",   ""WeightAdaptation"": {     ""attack_probability"": 0.9999955301490969,     ""consensus_risk"": 0.6727769503298828,     ""consensus_disagreement"": 0.3582306970088631   },   ""ThresholdUpdate"": {     ""threshold"": 0.95, // default threshold for traffic congestion sybil attack     ""update_type"": ""increase""   },   ""RecoveryPlan"": [     {       ""action"": ""Slow down to reduce speed"",       ""probability"": 0.8     },     {       ""action"": ""Change route to avoid congested area"",       ""probability"": 0.2     }   ],   ""Rationale"": ""High attack probability and consensus risk indicate a potential traffic congestion sybil attack. Taking evasive action is necessary to avoid the attack."" } ```  In this response, I've provided an action recommendation for the vehicle to take evasive action to avoid the potential attack. The `WeightAdaptation` section provides the weights used in the adaptation process, which are based on the attack probability and consensus risk. The `ThresholdUpdate` section indicates that the threshold should be increased to 0.95, as this is above the default threshold for traffic congestion sybil attacks. The `RecoveryPlan` section outlines two possible recovery actions that can be taken if an attack occurs, along with their corresponding probabilities. Finally, the `Rationale` section provides a brief explanation of why these recommendations were made based on the incident data."
veh_7349615,trafficCongestionSybil,0.9999956810510972,0.6727411637004469,0.36649121604477675,critical,ollama,llm_generated,llm_generated,llm_generated,"Here is the JSON-like response as an ARES-V2X adaptive policy agent:  ``` {     ""Action"": ""Take evasive action to avoid congestion"",     ""WeightAdaptation"": {         ""attack_probability"": 0.9999956810510972,         ""consensus_risk"": 0.6727411637004469,         ""consensus_disagreement"": 0.36649121604477675     },     ""ThresholdUpdate"": {         ""threshold_value"": 0.5,         ""reasoning"": ""Attack probability and consensus risk exceed critical thresholds""     },     ""RecoveryPlan"": {         ""action_sequence"": [             {""action"": ""Slow down to reduce speed"", ""confidence"": 0.8},             {""action"": ""Change lane to avoid congestion"", ""confidence"": 0.7}         ],         ""recovery_threshold"": 0.3     },     ""Rationale"": {         ""attack_type"": ""trafficCongestionSybil"",         ""risk_level"": ""critical"",         ""reasoning"": ""Attack probability and consensus risk exceed critical thresholds, indicating a high-risk situation that requires evasive action to avoid congestion.""     } } ```  This response includes the recommended action to take evasive action to avoid congestion, as well as the weights used for adaptation, threshold update, recovery plan, and rationale. The rationale provides context for the decision, including the type of attack and risk level."
veh_7130387,trafficCongestionSybil,0.9999959400210934,0.6727408925185412,0.3586649029501097,critical,ollama,llm_generated,llm_generated,llm_generated,"Here is the JSON-like response as an ARES-V2X adaptive policy agent:  ``` {   ""Action"": ""Take evasive action to avoid potential attack"",   ""WeightAdaptation"": {     ""attack_probability"": 0.9999959400210934,     ""consensus_risk"": 0.6727408925185412,     ""consensus_disagreement"": 0.3586649029501097   },   ""ThresholdUpdate"": {     ""threshold"": 0.95,     ""reasoning"": ""Attack probability and consensus risk exceeded threshold""   },   ""RecoveryPlan"": {     ""action"": ""Slow down to reduce speed"",     ""speed_limit"": 50,     ""duration"": 30   },   ""Rationale"": ""High attack probability (0.9999959400210934) and high consensus risk (0.6727408925185412) indicate a critical traffic congestion sybil attack. Taking evasive action to avoid potential attack is necessary to prevent further disruption."" } ```  In this response, the agent has determined that an evasive action is required due to the high attack probability and consensus risk. The weight adaptation section provides the values used in the decision-making process, while the threshold update section explains why the threshold was exceeded. The recovery plan outlines the recommended course of action to reduce speed and mitigate the impact of the potential attack. Finally, the rationale provides a clear explanation for the agent's decision."
veh_3665658,trafficCongestionSybil,0.9999952020237063,0.6725760494199213,0.35709416880306266,critical,ollama,llm_generated,llm_generated,llm_generated,"Here is the JSON-like response as an ARES-V2X adaptive policy agent:  ``` {     ""Action"": ""Take evasive action to avoid congestion"",     ""WeightAdaptation"": {         ""attack_probability"": 0.9999952020237063,         ""consensus_risk"": 0.6725760494199213,         ""consensus_disagreement"": 0.35709416880306266     },     ""ThresholdUpdate"": {         ""threshold"": 0.5,         ""update_type"": ""increase""     },     ""RecoveryPlan"": [         {             ""action"": ""Slow down to reduce speed"",             ""probability"": 0.8         },         {             ""action"": ""Change lane to avoid congestion"",             ""probability"": 0.2         }     ],     ""Rationale"": ""High attack probability and consensus risk indicate critical traffic congestion. Taking evasive action is necessary to avoid potential harm."" } ```  In this response, the agent has determined that an evasive action is required due to the high attack probability and consensus risk associated with the predicted attack type (trafficCongestionSybil). The WeightAdaptation section provides the weights used in the adaptation process. The ThresholdUpdate section indicates that the threshold for triggering evasive actions should be increased by 50% due to the critical nature of the incident. The RecoveryPlan section outlines possible recovery actions, with a probability of success assigned to each action. Finally, the Rationale section explains the reasoning behind the agent's decision."
veh_5112865,trafficCongestionSybil,0.9999951364677957,0.6722151662180147,0.3704895052586419,critical,ollama,llm_generated,llm_generated,llm_generated,"Here is the JSON-like response as an ARES-V2X adaptive policy agent:  ``` {   ""Action"": ""Take evasive action to avoid potential attack"",   ""WeightAdaptation"": {     ""attack_probability"": 0.9999951364677957,     ""consensus_risk"": 0.6722151662180147   },   ""ThresholdUpdate"": {     ""threshold"": 0.95, // adjusted threshold based on attack probability and consensus risk     ""update_time"": ""2023-12-31T14:30:00Z"" // timestamp for when the threshold was updated   },   ""RecoveryPlan"": {     ""recovery_action"": ""Slow down to reduce fuel consumption"",     ""recovery_threshold"": 0.8, // adjusted recovery threshold based on attack probability and consensus risk     ""recovery_time"": ""2023-12-31T14:30:00Z"" // timestamp for when the recovery plan was activated   },   ""Rationale"": {     ""attack_probability_rationale"": ""High attack probability indicates potential traffic congestion sybil attack"",     ""consensus_risk_rationale"": ""Consensus risk is high, indicating a potential attack on the consensus mechanism""   } } ```  In this response:  - The `Action` field indicates that the agent has decided to take evasive action to avoid potential attacks. - The `WeightAdaptation` field provides the weights used for adaptation based on the attack probability and consensus risk. These weights are adjusted based on the incident report. - The `ThresholdUpdate` field includes the updated threshold value and timestamp when it was last updated, which is used to determine when to take evasive action or recover from an attack. - The `RecoveryPlan` field outlines the recovery plan in case of an attack, including the action to slow down and reduce fuel consumption. This plan is also adjusted based on the incident report. - The `Rationale` field provides explanations for the decision-making process, highlighting the reasons behind the chosen actions.  This response is generated based on the provided incident report, which indicates a high attack probability and consensus risk due to a potential traffic congestion sybil attack."
veh_5875006,trafficCongestionSybil,0.9999952678773266,0.6714706457308834,0.350962585445235,critical,ollama,llm_generated,llm_generated,llm_generated,"Here is the JSON-like response as an ARES-V2X adaptive policy agent:  ``` {     ""Action"": ""Take evasive action to avoid potential attack"",     ""WeightAdaptation"": {         ""attack_probability"": 0.9999952678773266,         ""consensus_risk"": 0.6714706457308834,         ""consensus_disagreement"": 0.350962585445235     },     ""ThresholdUpdate"": {         ""threshold"": 0.95, // adjusted threshold based on attack probability and consensus risk         ""reasoning"": ""Attack probability is high (>0.9) and consensus risk is moderate (>0.6)""     },     ""RecoveryPlan"": {         ""action"": ""Take evasive action to avoid potential attack"",         ""duration"": 30 // seconds     },     ""Rationale"": ""High attack probability and moderate consensus risk indicate a critical situation, requiring immediate evasive action to avoid potential attack."" } ```  In this response:  - `Action` is the recommended course of action to take in response to the incident. - `WeightAdaptation` provides the weights used for adaptation, including attack probability, consensus risk, and consensus disagreement. - `ThresholdUpdate` includes the updated threshold value based on the attack probability and consensus risk, along with a brief explanation of why it was adjusted. - `RecoveryPlan` outlines the recovery plan, including the action to take and the duration of the recovery period. - `Rationale` provides a detailed explanation for the recommended course of action."
veh_1133737,trafficCongestionSybil,0.9999955579362918,0.6707618915750984,0.3548370427102362,critical,ollama,llm_generated,llm_generated,llm_generated,"Here is the JSON-like response as an ARES-V2X adaptive policy agent:  ``` {   ""Action"": ""Take evasive action to avoid traffic congestion"",   ""WeightAdaptation"": {     ""attack_probability"": 0.9999955579362918,     ""consensus_risk"": 0.6707618915750984,     ""consensus_disagreement"": 0.3548370427102362   },   ""ThresholdUpdate"": {     ""threshold"": 0.5,     ""update_type"": ""increase""   },   ""RecoveryPlan"": [     {       ""action"": ""Slow down to reduce fuel consumption"",       ""probability"": 0.7     },     {       ""action"": ""Change lane to avoid traffic congestion"",       ""probability"": 0.3     }   ],   ""Rationale"": ""High attack probability and consensus risk indicate a critical traffic congestion attack. Taking evasive action is necessary to avoid potential harm."" } ```  In this response, the agent has determined that an evasive action is required due to the high attack probability and consensus risk associated with the predicted attack type (trafficCongestionSybil). The WeightAdaptation section provides the weights used in the adaptation process, while the ThresholdUpdate section indicates that the threshold for triggering the recovery plan should be increased. The RecoveryPlan section outlines two possible actions that can be taken to mitigate the incident, along with their respective probabilities. Finally, the Rationale section provides a brief explanation of why the agent has made this decision."
veh_8249835,trafficCongestionSybil,0.9999957551181553,0.6682224135636238,0.3802235271730631,critical,ollama,llm_generated,llm_generated,llm_generated,"Here is the JSON-like response as an ARES-V2X adaptive policy agent:  ``` {     ""Action"": ""Take evasive action to avoid traffic congestion"",     ""WeightAdaptation"": {         ""attack_probability"": 0.9999957551181553,         ""consensus_risk"": 0.6682224135636238,         ""consensus_disagreement"": 0.3802235271730631     },     ""ThresholdUpdate"": {         ""threshold"": 0.5,         ""reasoning"": ""Traffic congestion attack probability exceeds 95%""     },     ""RecoveryPlan"": {         ""recovery_action"": ""Slow down and adjust speed to maintain safe distance"",         ""recovery_threshold"": 0.3     },     ""Rationale"": ""High risk of traffic congestion attack detected, taking evasive action to avoid potential harm."" } ```  Explanation:  * The `Action` field is set to ""Take evasive action to avoid traffic congestion"" based on the incident report. * The `WeightAdaptation` field provides a weighted adaptation of the attack probability, consensus risk, and consensus disagreement values. This helps to reflect the relative importance of each factor in the decision-making process. * The `ThresholdUpdate` field indicates that the threshold for triggering evasive action has been updated to 0.5 due to the high risk level detected in this incident report. The reasoning behind this update is provided as ""Traffic congestion attack probability exceeds 95%"". * The `RecoveryPlan` field outlines the recovery action and threshold for returning to normal operation. In this case, slowing down and adjusting speed to maintain a safe distance is recommended. * The `Rationale` field provides a brief explanation of why the evasive action was taken, highlighting the high risk level detected in the incident report."
veh_6456747,trafficCongestionSybil,0.9999949787642181,0.6680753837752001,0.3831775617624468,critical,ollama,llm_generated,llm_generated,llm_generated,"Here is the JSON-like response as an ARES-V2X adaptive policy agent:  ``` {     ""Action"": ""Take evasive action to avoid traffic congestion"",     ""WeightAdaptation"": {         ""attack_probability"": 0.9999949787642181,         ""consensus_risk"": 0.6680753837752001,         ""consensus_disagreement"": 0.3831775617624468     },     ""ThresholdUpdate"": {         ""threshold"": 0.5,         ""reasoning"": ""Traffic congestion attack probability exceeds 95%""     },     ""RecoveryPlan"": {         ""action"": ""Slow down and adjust speed to maintain a safe distance"",         ""duration"": 30     },     ""Rationale"": ""High-risk traffic congestion attack detected with high confidence. Taking evasive action to avoid potential harm."" } ```  In this response, the agent has determined that an evasive action is necessary due to the high risk of a traffic congestion attack. The WeightAdaptation section provides the weights used in the decision-making process, while the ThresholdUpdate section explains why the threshold was updated. The RecoveryPlan outlines the steps to take to recover from the incident, and the Rationale provides a brief explanation for the agent's decision."
veh_1295509,trafficCongestionSybil,0.9999959102456505,0.6675279073377217,0.36475640970499046,critical,ollama,llm_generated,llm_generated,llm_generated,"Here is the JSON-like response as an ARES-V2X adaptive policy agent:  ``` {     ""Action"": ""Take evasive action to avoid traffic congestion"",     ""WeightAdaptation"": {         ""attack_probability"": 0.9999959102456505,         ""consensus_risk"": 0.6675279073377217,         ""consensus_disagreement"": 0.36475640970499046     },     ""ThresholdUpdate"": {         ""threshold"": 0.8,         ""reasoning"": ""High attack probability and consensus risk indicate a critical traffic congestion situation""     },     ""RecoveryPlan"": [         {             ""action"": ""Slow down to reduce speed"",             ""probability"": 0.7         },         {             ""action"": ""Change lane to avoid congested area"",             ""probability"": 0.3         }     ],     ""Rationale"": ""The predicted attack type is traffic congestion sybil, which indicates a high risk of being manipulated by malicious actors. The consensus risk and disagreement are also critical, indicating a high level of uncertainty in the system."" } ```  This response includes:  *   An action to take evasive action to avoid traffic congestion. *   Weight adaptation factors for attack probability, consensus risk, and consensus disagreement. *   A threshold update with a value of 0.8 and a reasoning statement explaining why this threshold was chosen. *   A recovery plan with two possible actions (slow down or change lane) and their corresponding probabilities. *   A rationale explaining the decision-making process behind the response.  This output is in JSON-like format, making it easy to parse and understand for other systems."
veh_2903112,trafficCongestionSybil,0.9999948076167472,0.6665202929312928,0.35076637960651785,critical,ollama,llm_generated,llm_generated,llm_generated,"Here is the JSON-like response as an ARES-V2X adaptive policy agent:  ``` {   ""Action"": ""Take evasive action to avoid traffic congestion"",   ""WeightAdaptation"": {     ""attack_probability"": 0.9999948076167472,     ""consensus_risk"": 0.6665202929312928,     ""consensus_disagreement"": 0.35076637960651785   },   ""ThresholdUpdate"": {     ""threshold"": 0.5,     ""update_type"": ""increase""   },   ""RecoveryPlan"": [     {       ""action"": ""Slow down to reduce speed"",       ""probability"": 0.8     },     {       ""action"": ""Change lane to avoid congestion"",       ""probability"": 0.2     }   ],   ""Rationale"": ""High attack probability and consensus risk indicate critical traffic congestion, taking evasive action is necessary to avoid potential harm."" } ```  This response includes the recommended action based on the incident report, as well as information about how the weights for adaptation were updated, a threshold update indicating an increase in the threshold value, a recovery plan with two possible actions and their corresponding probabilities, and a rationale explaining why these decisions were made."
veh_7071931,trafficCongestionSybil,0.9999965544656156,0.6664205901051726,0.3767573537020473,critical,ollama,llm_generated,llm_generated,llm_generated,"Here is the JSON-like response as an ARES-V2X adaptive policy agent:  ``` {     ""Action"": ""Take evasive action to avoid traffic congestion"",     ""WeightAdaptation"": {         ""attack_probability"": 0.9999965544656156,         ""consensus_risk"": 0.6664205901051726,         ""consensus_disagreement"": 0.3767573537020473     },     ""ThresholdUpdate"": {         ""threshold_value"": 0.5,         ""reasoning"": ""Attack probability and consensus risk exceeded threshold""     },     ""RecoveryPlan"": {         ""recovery_action"": ""Slow down to reduce fuel consumption"",         ""recovery_threshold"": 0.3     },     ""Rationale"": ""Traffic congestion attack detected with high confidence (attack_probability = 0.9999965544656156). Consensus risk and disagreement are also critical, indicating a potential threat to the vehicle's safety."" } ```  In this response:  - The `Action` field indicates that the agent recommends taking evasive action to avoid traffic congestion. - The `WeightAdaptation` field provides the weights used for adaptation based on attack probability, consensus risk, and consensus disagreement. - The `ThresholdUpdate` field includes a threshold value of 0.5 and a reasoning statement explaining why this threshold was chosen. - The `RecoveryPlan` field outlines a recovery action (slowing down) with a corresponding recovery threshold of 0.3. - The `Rationale` field provides a detailed explanation for the agent's decision, including the attack probability, consensus risk, and consensus disagreement values."
veh_1453021,trafficCongestionSybil,0.9999954004379423,0.6662790853705086,0.36327028126467065,critical,ollama,llm_generated,llm_generated,llm_generated,"Here is the JSON-like response as an ARES-V2X adaptive policy agent:  ``` {     ""Action"": ""Take evasive action to avoid traffic congestion"",     ""WeightAdaptation"": {         ""attack_probability"": 0.9999954004379423,         ""consensus_risk"": 0.6662790853705086,         ""consensus_disagreement"": 0.36327028126467065     },     ""ThresholdUpdate"": {         ""threshold"": 0.5,         ""reasoning"": ""Attack probability and consensus risk exceed threshold""     },     ""RecoveryPlan"": {         ""action"": ""Slow down to reduce fuel consumption"",         ""duration"": 30,         ""speed_limit"": 50     },     ""Rationale"": ""Traffic congestion attack detected with high confidence. Taking evasive action to avoid congestion and reducing fuel consumption to minimize impact."" } ```  In this response, the agent has determined that an adaptive policy is needed due to the high probability of a traffic congestion attack (0.9999954) and the consensus risk level being critical (0.666279085). The threshold update indicates that the current state exceeds the predefined threshold of 0.5, triggering the recovery plan.  The recovery plan involves slowing down to reduce fuel consumption for 30 seconds at a speed limit of 50 km/h. This action aims to minimize the impact of the traffic congestion attack while also reducing fuel consumption. The rationale provides a clear explanation for the agent's decision-making process."
veh_5930604,trafficCongestionSybil,0.999996434704949,0.6662671386244728,0.37531413163262123,critical,ollama,llm_generated,llm_generated,llm_generated,"Here is the JSON-like response as an ARES-V2X adaptive policy agent:  ``` {     ""Action"": ""Take evasive action to avoid traffic congestion"",     ""WeightAdaptation"": {         ""attack_probability"": 0.999996434704949,         ""consensus_risk"": 0.6662671386244728,         ""consensus_disagreement"": 0.37531413163262123     },     ""ThresholdUpdate"": {         ""threshold"": 0.5,         ""reasoning"": ""Attack probability and consensus risk exceeded threshold""     },     ""RecoveryPlan"": {         ""recovery_action"": ""Slow down to reduce fuel consumption"",         ""recovery_threshold"": 0.3     },     ""Rationale"": ""High attack probability (99.9996%) and high consensus risk (66.6267%) indicate a critical traffic congestion sybil attack. Taking evasive action is necessary to avoid potential harm."" } ```  This response includes the recommended action, weight adaptation factors, threshold update details, recovery plan, and rationale for the decision. The weights adaptation factor takes into account the attack probability, consensus risk, and consensus disagreement levels. The threshold update indicates that the current values exceeded a predefined threshold of 0.5, triggering the evasive action. The recovery plan provides an alternative action to reduce fuel consumption when the threat subsides."
veh_1251256,trafficCongestionSybil,0.9999965227514057,0.6661406465182218,0.37732510611817394,critical,ollama,llm_generated,llm_generated,llm_generated,"Here is the JSON-like response as an ARES-V2X adaptive policy agent:  ``` {     ""Action"": ""Take evasive action to avoid traffic congestion"",     ""WeightAdaptation"": {         ""attack_probability"": 0.9999965227514057,         ""consensus_risk"": 0.6661406465182218,         ""consensus_disagreement"": 0.37732510611817394     },     ""ThresholdUpdate"": {         ""threshold_value"": 0.5,         ""reasoning"": ""Attack probability and consensus risk exceed threshold""     },     ""RecoveryPlan"": {         ""action_sequence"": [             {""action"": ""Slow down"", ""duration"": 10},             {""action"": ""Change lane"", ""duration"": 20}         ],         ""recovery_threshold"": 0.8     },     ""Rationale"": ""The predicted attack type is traffic congestion sybil, with a high attack probability and consensus risk. The consensus disagreement is moderate, indicating some uncertainty in the system. Taking evasive action to avoid traffic congestion is necessary to prevent potential harm."" } ```  This response includes:  *   An `Action` field that describes the recommended course of action. *   A `WeightAdaptation` object that provides details about the attack probability and consensus risk, which were used to determine the threshold update. *   A `ThresholdUpdate` object that specifies the updated threshold value and the reasoning behind it. *   A `RecoveryPlan` object that outlines a sequence of actions to take in case of an incident, along with a recovery threshold. *   An `Rationale` field that provides a brief explanation for the recommended action."
veh_2596022,trafficCongestionSybil,0.9999949527296197,0.6660395869680267,0.35643319956785935,critical,ollama,llm_generated,llm_generated,llm_generated,"Here is the JSON-like response as an ARES-V2X adaptive policy agent:  ``` {     ""Action"": ""Take evasive action to avoid potential attack"",     ""WeightAdaptation"": {         ""attack_probability"": 0.9999949527296197,         ""consensus_risk"": 0.6660395869680267,         ""consensus_disagreement"": 0.35643319956785935     },     ""ThresholdUpdate"": {         ""threshold_value"": 0.5,         ""reasoning"": ""Attack probability and consensus risk are above the threshold, indicating a potential attack.""     },     ""RecoveryPlan"": {         ""action"": ""Slow down to reduce speed and avoid potential attack"",         ""recovery_time"": 10     },     ""Rationale"": ""The predicted attack type is traffic congestion sybil with an attack probability of 0.9999949527296197, indicating a high risk of potential attack. The consensus risk is also above the threshold, suggesting that other vehicles may be experiencing similar issues."" } ```  This response includes the recommended action to take evasive action to avoid the potential attack, as well as information about the weight adaptation for each parameter, the updated threshold value and reasoning, a recovery plan with an action to slow down and reduce speed, and a rationale explaining why this decision was made."
veh_8530116,trafficCongestionSybil,0.9999960189171094,0.6659234240053322,0.3683974924665567,critical,ollama,llm_generated,llm_generated,llm_generated,"Here is the JSON-like response as an ARES-V2X adaptive policy agent:  ``` {     ""Action"": ""Take evasive action to avoid potential attack"",     ""WeightAdaptation"": {         ""attack_probability"": 0.9999960189171094,         ""consensus_risk"": 0.6659234240053322,         ""consensus_disagreement"": 0.3683974924665567     },     ""ThresholdUpdate"": {         ""threshold"": 0.95, // adjusted threshold based on attack probability and consensus risk         ""reasoning"": ""Attack probability is high (>0.9) and consensus risk is moderate (>0.6)""     },     ""RecoveryPlan"": [         {""action"": ""Slow down"", ""probability"": 0.8},         {""action"": ""Change lane"", ""probability"": 0.2}     ],     ""Rationale"": ""High attack probability (0.999996) and moderate consensus risk (0.665923) indicate a potential traffic congestion sybil attack. Taking evasive action to avoid the attack is recommended."" } ```  In this response, I've provided an action recommendation for the vehicle to take evasive action to avoid the potential attack. The `WeightAdaptation` section provides the weights used in the adaptation process, while the `ThresholdUpdate` section explains the reasoning behind updating the threshold values based on the attack probability and consensus risk. The `RecoveryPlan` section outlines possible recovery actions that can be taken if an attack occurs, along with their corresponding probabilities. Finally, the `Rationale` section provides a brief explanation of why this decision was made."
veh_1470799,trafficCongestionSybil,0.999995887798351,0.6657422828088155,0.36570564685561874,critical,ollama,llm_generated,llm_generated,llm_generated,"Here is the JSON-like response as an ARES-V2X adaptive policy agent:  ``` {   ""Action"": ""Take evasive action to avoid traffic congestion"",   ""WeightAdaptation"": {     ""attack_probability"": 0.999995887798351,     ""consensus_risk"": 0.6657422828088155,     ""consensus_disagreement"": 0.36570564685561874   },   ""ThresholdUpdate"": {     ""threshold"": 0.95, // updated threshold for traffic congestion detection     ""update_time"": 1643723400 // timestamp of last update   },   ""RecoveryPlan"": {     ""recovery_action"": ""Slow down and adjust speed to avoid congestion"",     ""recovery_threshold"": 0.8 // threshold for recovery action   },   ""Rationale"": ""High attack probability (99.9999887%) and consensus risk (66.57422828) indicate a critical traffic congestion attack. Taking evasive action is necessary to avoid potential harm."" } ```  Note: The `WeightAdaptation` field includes the current weights for each parameter, which can be used to update the policy over time. The `ThresholdUpdate` field includes the updated threshold values and timestamp of last update, which can be used to fine-tune the traffic congestion detection system. The `RecoveryPlan` field includes the recommended recovery action and threshold value, which can be used to adjust the vehicle's behavior in case of a traffic congestion attack. The `Rationale` field provides a brief explanation for the recommended action based on the incident details."
veh_8575564,trafficCongestionSybil,0.9999957433999882,0.6650844872632821,0.36518884123639317,critical,ollama,llm_generated,llm_generated,llm_generated,"Here is the JSON-like response as an ARES-V2X adaptive policy agent:  ``` {     ""Action"": ""Take evasive action to avoid traffic congestion"",     ""WeightAdaptation"": {         ""attack_probability"": 0.9999957433999882,         ""consensus_risk"": 0.6650844872632821,         ""consensus_disagreement"": 0.36518884123639317     },     ""ThresholdUpdate"": {         ""threshold"": 0.5,         ""update_type"": ""increase""     },     ""RecoveryPlan"": [         {             ""action"": ""Slow down to reduce speed"",             ""probability"": 0.8         },         {             ""action"": ""Change lane to avoid congestion"",             ""probability"": 0.2         }     ],     ""Rationale"": ""High attack probability and consensus risk indicate critical traffic congestion. Taking evasive action is necessary to avoid potential harm."" } ```  In this response, the agent has determined that an evasive action is required due to the high attack probability and consensus risk associated with the predicted attack type (trafficCongestionSybil). The WeightAdaptation section provides the weights used in the adaptation process. The ThresholdUpdate section indicates that the threshold for triggering evasive actions should be increased by 50% due to the critical nature of the incident. The RecoveryPlan section outlines possible recovery actions, with a probability of success assigned to each action. Finally, the Rationale section explains the reasoning behind the agent's decision."
veh_1048273,trafficCongestionSybil,0.9999964079248844,0.6648403112350388,0.3775435425229714,critical,ollama,llm_generated,llm_generated,llm_generated,"Here is the JSON-like response as an ARES-V2X adaptive policy agent:  ``` {   ""Action"": ""Take evasive action to avoid traffic congestion"",   ""WeightAdaptation"": {     ""attack_probability"": 0.9999964079248844,     ""consensus_risk"": 0.6648403112350388,     ""consensus_disagreement"": 0.3775435425229714   },   ""ThresholdUpdate"": {     ""threshold"": 0.5,     ""update_type"": ""increase""   },   ""RecoveryPlan"": [     {       ""action"": ""Slow down to reduce speed"",       ""probability"": 0.8     },     {       ""action"": ""Change lane to avoid congestion"",       ""probability"": 0.2     }   ],   ""Rationale"": ""High attack probability and consensus risk indicate critical traffic congestion, requiring evasive action to avoid potential harm."" } ```  In this response:  - The `Action` field indicates that the agent recommends taking evasive action to avoid traffic congestion. - The `WeightAdaptation` field provides the weights for each parameter used in the decision-making process. These weights are based on the predicted attack type, consensus risk, and consensus disagreement. - The `ThresholdUpdate` field specifies the threshold update rule. In this case, the threshold is increased by 50% to reflect the high attack probability and consensus risk. - The `RecoveryPlan` field outlines possible recovery actions that can be taken if the traffic congestion persists or worsens. These actions include slowing down to reduce speed (with a probability of 80%) and changing lanes to avoid congestion (with a probability of 20%). - The `Rationale` field provides a brief explanation for the agent's decision, highlighting the high attack probability and consensus risk as indicators of critical traffic congestion."
veh_4349495,trafficCongestionSybil,0.9999965439537147,0.6646453887507363,0.3783822369985456,critical,ollama,llm_generated,llm_generated,llm_generated,"Here is the JSON-like response as an ARES-V2X adaptive policy agent:  ``` {     ""Action"": ""Take evasive action to avoid traffic congestion"",     ""WeightAdaptation"": {         ""attack_probability"": 0.9999965439537147,         ""consensus_risk"": 0.6646453887507363,         ""consensus_disagreement"": 0.3783822369985456     },     ""ThresholdUpdate"": {         ""threshold"": 0.5,         ""reasoning"": ""Attack probability and consensus risk are above the threshold, indicating a critical traffic congestion attack.""     },     ""RecoveryPlan"": [         {             ""action"": ""Slow down to reduce speed"",             ""probability"": 0.8         },         {             ""action"": ""Change lane to avoid congested area"",             ""probability"": 0.2         }     ],     ""Rationale"": ""The predicted attack type is traffic congestion sybil, which indicates a high probability of a traffic congestion attack. The consensus risk and disagreement are above the threshold, indicating a critical situation. Therefore, taking evasive action to avoid traffic congestion is recommended."" } ```  This response includes:  *   An `Action` field that recommends taking evasive action to avoid traffic congestion. *   A `WeightAdaptation` field that provides weights for the attack probability, consensus risk, and consensus disagreement. *   A `ThresholdUpdate` field that updates the threshold based on the attack probability and consensus risk. The reasoning behind this update is provided in the `reasoning` field. *   A `RecoveryPlan` field that outlines possible recovery actions to take if the traffic congestion situation persists. These actions include slowing down to reduce speed and changing lanes to avoid congested areas, with probabilities assigned to each action. *   An `Rationale` field that provides a detailed explanation of why this response was generated based on the incident details provided."
veh_6586849,trafficCongestionSybil,0.999995329994737,0.6634857187868073,0.35784605769350203,critical,ollama,llm_generated,llm_generated,llm_generated,"Here is the JSON-like response as an ARES-V2X adaptive policy agent:  ``` {     ""Action"": ""Take evasive action to avoid traffic congestion"",     ""WeightAdaptation"": {         ""attack_probability"": 0.999995329994737,         ""consensus_risk"": 0.6634857187868073,         ""consensus_disagreement"": 0.35784605769350203     },     ""ThresholdUpdate"": {         ""threshold_value"": 0.8,         ""reasoning"": ""Attack probability and consensus risk exceeded threshold""     },     ""RecoveryPlan"": {         ""recovery_action"": ""Slow down to reduce fuel consumption"",         ""recovery_threshold"": 0.7     },     ""Rationale"": ""High attack probability (99.9995%) and high consensus risk (66.3485%) indicate a critical traffic congestion sybil attack. Taking evasive action is necessary to avoid potential harm."" } ```  In this response, the agent has determined that an evasive action is required due to the high attack probability and consensus risk. The WeightAdaptation section provides the weights used in the decision-making process, while the ThresholdUpdate section explains why the threshold was exceeded. The RecoveryPlan section outlines a potential recovery action if the situation improves, and the Rationale section provides a clear explanation of the agent's reasoning behind its decision."
veh_4216362,trafficCongestionSybil,0.9999964480588184,0.6632599214788959,0.3776250581769485,critical,ollama,llm_generated,llm_generated,llm_generated,"Here is the JSON-like response as an ARES-V2X adaptive policy agent:  ``` {   ""Action"": ""Take evasive action to avoid traffic congestion"",   ""WeightAdaptation"": {     ""attack_probability"": 0.9999964480588184,     ""consensus_risk"": 0.6632599214788959,     ""consensus_disagreement"": 0.3776250581769485   },   ""ThresholdUpdate"": {     ""threshold"": 0.95, // default threshold for traffic congestion     ""update_type"": ""increase""   },   ""RecoveryPlan"": {     ""recovery_action"": ""Slow down and adjust speed to maintain a safe distance"",     ""recovery_threshold"": 0.8 // default recovery threshold   },   ""Rationale"": ""High attack probability (99.9996%) and consensus risk (66.3259%) indicate critical traffic congestion. Taking evasive action is necessary to avoid potential harm."" } ```  In this response, the agent has determined that an evasive action is required due to the high attack probability and consensus risk associated with the predicted attack type of ""trafficCongestionSybil"". The WeightAdaptation section provides the current weights for each parameter used in the decision-making process. The ThresholdUpdate section indicates that the threshold for traffic congestion should be increased, while the RecoveryPlan outlines a course of action to take if the situation improves (i.e., slow down and adjust speed). Finally, the Rationale section explains the reasoning behind the agent's decision."
veh_7578910,trafficCongestionSybil,0.9999961774815931,0.6631172805853468,0.37141163947980615,critical,ollama,llm_generated,llm_generated,llm_generated,"Here is the JSON-like response as an ARES-V2X adaptive policy agent:  ``` {   ""Action"": ""Take evasive action to avoid traffic congestion"",   ""WeightAdaptation"": {     ""attack_probability"": 0.9999961774815931,     ""consensus_risk"": 0.6631172805853468,     ""consensus_disagreement"": 0.37141163947980615   },   ""ThresholdUpdate"": {     ""threshold"": 0.5,     ""update_type"": ""increase""   },   ""RecoveryPlan"": [     {       ""action"": ""Slow down to reduce speed"",       ""probability"": 0.8     },     {       ""action"": ""Change lane to avoid congestion"",       ""probability"": 0.2     }   ],   ""Rationale"": ""High attack probability and consensus risk indicate critical traffic congestion. Taking evasive action is necessary to avoid potential harm."" } ```  In this response, the agent has determined that an evasive action is required due to the high attack probability and consensus risk associated with the predicted attack type (trafficCongestionSybil). The WeightAdaptation section provides the weights used in the adaptation process. The ThresholdUpdate section indicates that the threshold for triggering evasive actions should be increased by 50% due to the critical nature of the incident. The RecoveryPlan section outlines possible recovery actions, with a probability of success assigned to each action. Finally, the Rationale section explains the reasoning behind the agent's decision."
veh_6044841,trafficCongestionSybil,0.999996454623436,0.6624758732168518,0.37853301791198063,critical,ollama,llm_generated,llm_generated,llm_generated,"Here is the JSON-like response as an ARES-V2X adaptive policy agent:  ``` {   ""Action"": ""Take evasive action to avoid traffic congestion"",   ""WeightAdaptation"": {     ""attack_probability"": 0.999996454623436,     ""consensus_risk"": 0.6624758732168518,     ""consensus_disagreement"": 0.37853301791198063   },   ""ThresholdUpdate"": {     ""threshold"": 0.95, // adjusted threshold based on attack probability and consensus risk     ""update_time"": ""2023-12-31T14:30:00Z""   },   ""RecoveryPlan"": [     {       ""action"": ""Slow down to reduce speed"",       ""probability"": 0.8,       ""time_window"": [10, 30] // adjust time window based on attack probability and consensus risk     },     {       ""action"": ""Change lane to avoid congestion"",       ""probability"": 0.2,       ""time_window"": [20, 40]     }   ],   ""Rationale"": [     ""High attack probability (99.9996%) indicates a strong likelihood of traffic congestion."",     ""Consensus risk is moderate (0.6625), suggesting some level of disagreement among neighboring vehicles.""   ] } ```  Note that the `WeightAdaptation` field provides the current weights for each parameter, which can be adjusted based on new data or changing conditions. The `ThresholdUpdate` field indicates when the threshold was last updated and what value it was set to. The `RecoveryPlan` field outlines possible actions to take in response to the incident, along with their probabilities and time windows. Finally, the `Rationale` field provides a brief explanation for each action, highlighting the key factors that led to the decision."
veh_4903678,trafficCongestionSybil,0.9999963180363935,0.6623545282339816,0.3758669377778941,critical,ollama,llm_generated,llm_generated,llm_generated,"Here is the JSON-like response as an ARES-V2X adaptive policy agent:  ``` {   ""Action"": ""Take evasive action to avoid traffic congestion"",   ""WeightAdaptation"": {     ""attack_probability"": 0.9999963180363935,     ""consensus_risk"": 0.6623545282339816,     ""consensus_disagreement"": 0.3758669377778941   },   ""ThresholdUpdate"": {     ""threshold"": 0.95, // default threshold for traffic congestion     ""update_type"": ""increase""   },   ""RecoveryPlan"": {     ""recovery_action"": ""Slow down to reduce fuel consumption"",     ""recovery_threshold"": 0.8 // default recovery threshold   },   ""Rationale"": ""High attack probability and consensus risk indicate critical traffic congestion. Taking evasive action is necessary to avoid potential harm."" } ```  In this response, the agent has determined that an evasive action is required due to the high attack probability and consensus risk associated with the predicted attack type (trafficCongestionSybil). The WeightAdaptation section provides the current weights for each parameter used in the decision-making process. The ThresholdUpdate section indicates whether the threshold for traffic congestion should be increased or decreased, based on the current values of attack_probability, consensus_risk, and consensus_disagreement. The RecoveryPlan section outlines the recovery action to take if the situation improves (i.e., slow down to reduce fuel consumption). Finally, the Rationale section provides a brief explanation for the agent's decision-making process."
veh_1234785,trafficCongestionSybil,0.9999947295069033,0.6623057527630986,0.3739840174061494,critical,ollama,llm_generated,llm_generated,llm_generated,"Here is the JSON-like response as an ARES-V2X adaptive policy agent:  ``` {     ""Action"": ""Take evasive action to avoid potential attack"",     ""WeightAdaptation"": {         ""attack_probability"": 0.9999947295069033,         ""consensus_risk"": 0.6623057527630986,         ""consensus_disagreement"": 0.3739840174061494     },     ""ThresholdUpdate"": {         ""threshold"": 0.95, // adjusted threshold based on attack probability and consensus risk         ""reasoning"": ""Attack probability is high (>0.95) and consensus risk is moderate""     },     ""RecoveryPlan"": {         ""action"": ""Take evasive action to avoid potential attack"",         ""duration"": 10 // seconds     },     ""Rationale"": ""High attack probability (>0.95) and moderate consensus risk indicate a critical situation. Taking evasive action will minimize the impact of potential traffic congestion sybil attack."" } ```  In this response, I've used the provided incident data to make an adaptive decision based on the predicted attack type, attack probability, consensus risk, and consensus disagreement. The `WeightAdaptation` field provides a detailed breakdown of how each factor influenced the decision.  The `ThresholdUpdate` field indicates that the threshold for taking evasive action has been adjusted based on the attack probability and consensus risk. This is done to ensure that the agent responds appropriately to changing conditions.  The `RecoveryPlan` field outlines the recommended course of action, which in this case is to take evasive action to avoid potential traffic congestion sybil attack. The duration of the recovery plan is set to 10 seconds.  Finally, the `Rationale` field provides a clear explanation for the decision made by the agent, highlighting the key factors that led to the chosen course of action."
veh_8409717,trafficCongestionSybil,0.9999964593371289,0.6621840084974009,0.3806463378559716,critical,ollama,llm_generated,llm_generated,llm_generated,"Here is the JSON-like response as an ARES-V2X adaptive policy agent:  ``` {     ""Action"": ""Take evasive action to avoid potential attack"",     ""WeightAdaptation"": {         ""attack_probability"": 0.9999964593371289,         ""consensus_risk"": 0.6621840084974009,         ""consensus_disagreement"": 0.3806463378559716     },     ""ThresholdUpdate"": {         ""threshold"": 0.95, // adjusted threshold based on attack probability and consensus risk         ""reasoning"": ""Attack probability is high (>0.95) and consensus risk is moderate""     },     ""RecoveryPlan"": {         ""action"": ""Take evasive action to avoid potential attack"",         ""duration"": 10 // seconds     },     ""Rationale"": ""High attack probability (>0.95) and moderate consensus risk indicate a critical situation. Taking evasive action will minimize the impact of potential traffic congestion sybil attack."" } ```  In this response, I've made the following decisions based on the incident:  * The agent decides to take evasive action to avoid the potential traffic congestion sybil attack. * The weight adaptation is updated with the provided attack probability and consensus risk values. * A new threshold of 0.95 is set based on the attack probability and consensus risk, indicating a critical situation. * A recovery plan is established with an action to take evasive action for 10 seconds. * The rationale provides a clear explanation for the decision made by the agent.  Note that this response assumes a predefined set of rules and thresholds are used in the ARES-V2X adaptive policy."
veh_6943237,trafficCongestionSybil,0.9999965138611235,0.6620983951492914,0.3806823225901996,critical,ollama,llm_generated,llm_generated,llm_generated,"Here is the JSON-like response as an ARES-V2X adaptive policy agent:  ``` {   ""Action"": ""Take evasive action to avoid congestion"",   ""WeightAdaptation"": {     ""attack_probability"": 0.9999965138611235,     ""consensus_risk"": 0.6620983951492914,     ""consensus_disagreement"": 0.3806823225901996   },   ""ThresholdUpdate"": {     ""threshold"": 0.8,     ""update_type"": ""increase""   },   ""RecoveryPlan"": {     ""recovery_action"": ""Slow down to reduce congestion"",     ""recovery_threshold"": 0.7   },   ""Rationale"": ""High attack probability and consensus risk indicate a critical traffic congestion sybil attack. Taking evasive action is necessary to avoid further disruption."" } ```  In this response, the agent has determined that an evasive action is required due to the high attack probability and consensus risk associated with the traffic congestion sybil attack. The weight adaptation values are updated based on these metrics, indicating a higher priority for taking evasive action. The recovery plan outlines a slower speed as a mitigation strategy to reduce congestion, while the threshold update indicates an increase in the threshold value to trigger this recovery action. Finally, the rationale provides a clear explanation of the decision-making process behind the agent's response."
veh_6263246,trafficCongestionSybil,0.9999957350536155,0.6619258249417141,0.36619960078818165,critical,ollama,llm_generated,llm_generated,llm_generated,"Here is the JSON-like response as an ARES-V2X adaptive policy agent:  ``` {     ""Action"": ""Take evasive action to avoid traffic congestion"",     ""WeightAdaptation"": {         ""attack_probability"": 0.9999957350536155,         ""consensus_risk"": 0.6619258249417141,         ""consensus_disagreement"": 0.36619960078818165     },     ""ThresholdUpdate"": {         ""threshold"": 0.95, // adjusted threshold based on attack probability and consensus risk         ""update_time"": ""2023-12-31T14:30:00Z"" // timestamp of last update     },     ""RecoveryPlan"": {         ""recovery_action"": ""Slow down to reduce fuel consumption"",         ""recovery_threshold"": 0.8, // adjusted threshold for recovery action         ""recovery_time"": ""2023-12-31T14:30:00Z"" // timestamp of last recovery     },     ""Rationale"": {         ""attack_type"": ""trafficCongestionSybil"",         ""risk_level"": ""critical"",         ""reasoning"": ""High attack probability and consensus risk indicate a critical traffic congestion sybil attack. Taking evasive action to avoid traffic congestion is necessary to prevent further damage.""     } } ```  In this response, the agent has taken the following actions:  - Taken evasive action to avoid traffic congestion based on the predicted attack type and risk level. - Updated the threshold for taking evasive action based on the attack probability and consensus risk. - Implemented a recovery plan to slow down and reduce fuel consumption if the situation improves. - Provided a rationale for the agent's decision, including the attack type, risk level, and reasoning behind the action."
veh_4211176,trafficCongestionSybil,0.9999951989454915,0.6615952295884229,0.3736111177992254,critical,ollama,llm_generated,llm_generated,llm_generated,"Here is the JSON-like response as an ARES-V2X adaptive policy agent:  ``` {     ""Action"": ""Take evasive action to avoid traffic congestion"",     ""WeightAdaptation"": {         ""attack_probability"": 0.9999951989454915,         ""consensus_risk"": 0.6615952295884229,         ""consensus_disagreement"": 0.3736111177992254     },     ""ThresholdUpdate"": {         ""threshold"": 0.95, // default threshold for traffic congestion         ""update_type"": ""increase""     },     ""RecoveryPlan"": {         ""recovery_action"": ""Slow down to reduce fuel consumption"",         ""recovery_threshold"": 0.8 // default recovery threshold     },     ""Rationale"": ""High attack probability and consensus risk indicate critical traffic congestion. Taking evasive action is necessary to avoid potential harm."" } ```  In this response, the agent has determined that an evasive action is required due to the high attack probability and consensus risk associated with the predicted attack type (trafficCongestionSybil). The WeightAdaptation section provides the current weights for each parameter used in the decision-making process. The ThresholdUpdate section indicates that the threshold for traffic congestion should be increased, while the RecoveryPlan outlines a recovery action to slow down and reduce fuel consumption if the situation improves. Finally, the Rationale explains the reasoning behind the agent's decision."
veh_7972668,trafficCongestionSybil,0.9999957290021524,0.6611475097137057,0.36467922508031464,critical,ollama,llm_generated,llm_generated,llm_generated,"Here is the JSON-like response as an ARES-V2X adaptive policy agent:  ``` {   ""Action"": ""Take evasive action to avoid traffic congestion"",   ""WeightAdaptation"": {     ""attack_probability"": 0.9999957290021524,     ""consensus_risk"": 0.6611475097137057   },   ""ThresholdUpdate"": {     ""threshold"": 0.5,     ""update_type"": ""increase""   },   ""RecoveryPlan"": {     ""recovery_action"": ""Slow down and wait for traffic to clear"",     ""recovery_threshold"": 0.3   },   ""Rationale"": ""High attack probability (99.9995%) and consensus risk (66.1%) indicate a critical traffic congestion sybil attack. Taking evasive action is necessary to avoid potential harm."" } ```  In this response, the agent has determined that an evasive action is required due to the high attack probability and consensus risk associated with the traffic congestion sybil attack. The WeightAdaptation field provides the current weights for the attack probability and consensus risk, which can be used to adjust the policy over time. The ThresholdUpdate field indicates that the threshold for triggering the recovery plan should be increased by 50% due to the high attack probability. The RecoveryPlan field outlines the action to take when the threshold is reached (slow down and wait for traffic to clear), as well as a secondary threshold of 30% below which no action is taken. Finally, the Rationale field provides a brief explanation for the agent's decision-making process."
veh_6818162,trafficCongestionSybil,0.9999951632134919,0.6611437714099401,0.38411778368896793,critical,ollama,llm_generated,llm_generated,llm_generated,"Here is the JSON-like response as an ARES-V2X adaptive policy agent:  ``` {   ""Action"": ""Take evasive action to avoid traffic congestion"",   ""WeightAdaptation"": {     ""attack_probability"": 0.9999951632134919,     ""consensus_risk"": 0.6611437714099401,     ""consensus_disagreement"": 0.38411778368896793   },   ""ThresholdUpdate"": {     ""threshold"": 0.5,     ""update_type"": ""increase""   },   ""RecoveryPlan"": {     ""recovery_action"": ""Slow down and wait for traffic to clear"",     ""recovery_threshold"": 0.3   },   ""Rationale"": ""High attack probability (99.9996%) and consensus risk (66.1%) indicate a critical traffic congestion sybil attack. Taking evasive action is necessary to avoid potential harm."" } ```  In this response, the agent has determined that an evasive action is required due to the high attack probability and consensus risk associated with the predicted attack type. The WeightAdaptation field provides the current weights for each parameter used in the decision-making process. The ThresholdUpdate field indicates that the threshold for triggering recovery actions should be increased by 50% (from 0.5 to 0.75). The RecoveryPlan field outlines the recommended course of action if the agent detects a traffic congestion sybil attack, which is to slow down and wait for traffic to clear. Finally, the Rationale field provides a brief explanation for the agent's decision-making process."
veh_8432392,trafficCongestionSybil,0.9999946476366307,0.6610678656925421,0.36747710450133164,critical,ollama,llm_generated,llm_generated,llm_generated,"Here is the JSON-like response as an ARES-V2X adaptive policy agent:  ``` {   ""Action"": ""Take evasive action to avoid congestion"",   ""WeightAdaptation"": {     ""attack_probability"": 0.9999946476366307,     ""consensus_risk"": 0.6610678656925421   },   ""ThresholdUpdate"": {     ""threshold"": 0.5,     ""update_type"": ""increase""   },   ""RecoveryPlan"": {     ""recovery_action"": ""Slow down to reduce congestion"",     ""recovery_threshold"": 0.3   },   ""Rationale"": ""High attack probability and consensus risk indicate a critical traffic congestion sybil attack. Taking evasive action is necessary to avoid further disruption."" } ```  In this response, the agent has determined that an evasive action is needed to avoid the traffic congestion sybil attack. The `WeightAdaptation` field indicates how much the agent's weights should be adjusted based on the attack probability and consensus risk. The `ThresholdUpdate` field specifies whether the threshold for triggering the recovery plan should be increased or decreased, and the `RecoveryPlan` field outlines the action to take if the threshold is reached. Finally, the `Rationale` field provides a brief explanation of why this decision was made."
veh_5577304,trafficCongestionSybil,0.9999964685969305,0.6608701720497797,0.38119007438032754,critical,ollama,llm_generated,llm_generated,llm_generated,"Here is the JSON-like response as an ARES-V2X adaptive policy agent:  ``` {     ""Action"": ""Take evasive action to avoid traffic congestion"",     ""WeightAdaptation"": {         ""attack_probability"": 0.9999964685969305,         ""consensus_risk"": 0.6608701720497797,         ""consensus_disagreement"": 0.38119007438032754     },     ""ThresholdUpdate"": {         ""threshold_value"": 0.8,         ""reasoning"": ""Attack probability and consensus risk exceeded threshold""     },     ""RecoveryPlan"": {         ""recovery_action"": ""Slow down to reduce fuel consumption"",         ""recovery_threshold"": 0.5     },     ""Rationale"": ""High attack probability (99.9996%) and consensus risk (66.087%) indicate a critical traffic congestion sybil attack. Taking evasive action is necessary to avoid potential harm."" } ```  In this response, the agent has determined that an evasive action is required due to the high attack probability and consensus risk. The WeightAdaptation section provides the weights used in the decision-making process, while the ThresholdUpdate section explains why the threshold was exceeded. The RecoveryPlan outlines a course of action to reduce fuel consumption if the situation improves, and the Rationale provides a clear explanation for the agent's decision."
veh_4987742,trafficCongestionSybil,0.999995704633428,0.6600305892684809,0.3705007027311109,critical,ollama,llm_generated,llm_generated,llm_generated,"Here is the JSON-like response as an ARES-V2X adaptive policy agent:  ``` {   ""Action"": ""Take evasive action to avoid potential attack"",   ""WeightAdaptation"": {     ""attack_probability"": 0.999995704633428,     ""consensus_risk"": 0.6600305892684809,     ""consensus_disagreement"": 0.3705007027311109   },   ""ThresholdUpdate"": {     ""threshold_value"": 0.95, // default threshold value for traffic congestion sybil attack     ""update_reason"": ""High consensus risk and low consensus disagreement""   },   ""RecoveryPlan"": {     ""recovery_action"": ""Slow down to reduce speed"",     ""recovery_threshold"": 50 // km/h   },   ""Rationale"": ""The predicted attack type is traffic congestion sybil, which poses a critical risk. The high consensus risk and low consensus disagreement indicate a strong likelihood of the attack. Taking evasive action to avoid potential attack is recommended."" } ```  Note that the `WeightAdaptation` field provides the weights for each parameter used in the decision-making process, allowing for future adaptation and refinement of the policy."
